<filmes>
  <filme id="”1”">
    <titulo>Vingadores</titulo>

    <sinopse>Lorem ipsum dolor sit amet consectetur adipisicing elit. Illum, ut
      delectus. Iure voluptatibus autem dolores ex dicta officia cupiditate
      magni? Totam iste tenetur impedit! Unde aliquid repellat cupiditate quia
      velit.</sinopse>

    <genero>Ação</genero>

    <elenco>
      <ator>Tom Hiddleston</ator>
      <ator>Samuel L. Jackson</ator>
      <ator>Chris Evans</ator>
    </elenco>

    <direcao>Joss Whedon</direcao>
  </filme>
</filmes>